episode,baseline_ours,baseline_rival,baseline_margin,candidate_ours,candidate_rival,candidate_margin,margin_delta,own_cash_delta,rival_cash_delta,baseline_win,candidate_win
112570602,127236.0,103780.0,23456.0,124391.0,104314.0,20077.0,-3379.0,-2845.0,534.0,True,True
112570782,121552.0,108084.0,13468.0,122762.0,108252.0,14510.0,1042.0,1210.0,168.0,True,True
112571815,121403.0,120909.0,494.0,122004.0,120523.0,1481.0,987.0,601.0,-386.0,True,True
112573049,103802.0,96502.0,7300.0,104628.0,99742.0,4886.0,-2414.0,826.0,3240.0,True,True
112574236,88077.0,78701.0,9376.0,87303.0,79561.0,7742.0,-1634.0,-774.0,860.0,True,True
112575429,111282.0,104675.0,6607.0,112584.0,106545.0,6039.0,-568.0,1302.0,1870.0,True,True
112576658,86483.0,83069.0,3414.0,88324.0,85025.0,3299.0,-115.0,1841.0,1956.0,True,True
112577829,96817.0,110126.0,-13309.0,102510.0,110781.0,-8271.0,5038.0,5693.0,655.0,False,False
112579036,96384.0,94234.0,2150.0,98767.0,96912.0,1855.0,-295.0,2383.0,2678.0,True,True
112580238,102609.0,100963.0,1646.0,102810.0,104876.0,-2066.0,-3712.0,201.0,3913.0,True,False
112581436,98343.0,94894.0,3449.0,98448.0,91999.0,6449.0,3000.0,105.0,-2895.0,True,True
112582639,79084.0,77703.0,1381.0,79835.0,76274.0,3561.0,2180.0,751.0,-1429.0,True,True
112583842,125010.0,119218.0,5792.0,124026.0,116219.0,7807.0,2015.0,-984.0,-2999.0,True,True
112585076,64560.0,60812.0,3748.0,65457.0,60771.0,4686.0,938.0,897.0,-41.0,True,True
112586293,99889.0,88738.0,11151.0,99358.0,88391.0,10967.0,-184.0,-531.0,-347.0,True,True
112587591,122656.0,118100.0,4556.0,125183.0,118981.0,6202.0,1646.0,2527.0,881.0,True,True
112588103,111717.0,107738.0,3979.0,114136.0,106846.0,7290.0,3311.0,2419.0,-892.0,True,True
112588791,126784.0,117422.0,9362.0,124052.0,116782.0,7270.0,-2092.0,-2732.0,-640.0,True,True
112589990,97480.0,100696.0,-3216.0,97964.0,98606.0,-642.0,2574.0,484.0,-2090.0,False,False
112591190,125071.0,121293.0,3778.0,130010.0,123961.0,6049.0,2271.0,4939.0,2668.0,True,True
112592389,102286.0,92936.0,9350.0,99153.0,94288.0,4865.0,-4485.0,-3133.0,1352.0,True,True
112593664,157255.0,148933.0,8322.0,159952.0,152392.0,7560.0,-762.0,2697.0,3459.0,True,True
112594857,138333.0,121289.0,17044.0,135406.0,120461.0,14945.0,-2099.0,-2927.0,-828.0,True,True
112596061,111105.0,111438.0,-333.0,114347.0,112020.0,2327.0,2660.0,3242.0,582.0,False,True
112597248,121529.0,121068.0,461.0,122420.0,122713.0,-293.0,-754.0,891.0,1645.0,True,False
112598450,123372.0,121680.0,1692.0,127024.0,122679.0,4345.0,2653.0,3652.0,999.0,True,True
112599653,131667.0,135006.0,-3339.0,131307.0,133429.0,-2122.0,1217.0,-360.0,-1577.0,False,False
112600855,128876.0,133936.0,-5060.0,131428.0,135771.0,-4343.0,717.0,2552.0,1835.0,False,False
112602061,130971.0,134489.0,-3518.0,129060.0,134038.0,-4978.0,-1460.0,-1911.0,-451.0,False,False
112603263,95388.0,93563.0,1825.0,92570.0,93333.0,-763.0,-2588.0,-2818.0,-230.0,True,False
112604454,110790.0,117720.0,-6930.0,111707.0,120426.0,-8719.0,-1789.0,917.0,2706.0,False,False
112605661,114113.0,106812.0,7301.0,114037.0,105555.0,8482.0,1181.0,-76.0,-1257.0,True,True
112605939,110195.0,106591.0,3604.0,108555.0,104427.0,4128.0,524.0,-1640.0,-2164.0,True,True
112606801,129754.0,141117.0,-11363.0,127618.0,139823.0,-12205.0,-842.0,-2136.0,-1294.0,False,False
112608021,117266.0,131207.0,-13941.0,113893.0,126169.0,-12276.0,1665.0,-3373.0,-5038.0,False,False
112610623,82305.0,93093.0,-10788.0,83323.0,92659.0,-9336.0,1452.0,1018.0,-434.0,False,False
112616236,94547.0,99392.0,-4845.0,95152.0,99102.0,-3950.0,895.0,605.0,-290.0,False,False
112621294,111928.0,117942.0,-6014.0,111806.0,119398.0,-7592.0,-1578.0,-122.0,1456.0,False,False
112621356,98012.0,103986.0,-5974.0,98402.0,104804.0,-6402.0,-428.0,390.0,818.0,False,False
112626851,102592.0,100772.0,1820.0,103860.0,102324.0,1536.0,-284.0,1268.0,1552.0,True,True
